,name,value,year,rank,prevValue
0,Elmore Smith,393,1974,0,0
1,Kareem Abdul-Jabbar,283,1974,0,0
2,Bob Lanier,247,1974,0,0
3,Bob McAdoo,246,1974,0,0
4,Elvin Hayes,240,1974,0,0
5,Gar Heard,230,1974,0,0
6,Sam Lacey,184,1974,0,0
7,Nate Thurmond,179,1974,0,0
8,Clifford Ray,173,1974,0,0
9,George Johnson,124,1974,0,0
10,Spencer Haywood,106,1974,0,0
11,Zaid Abdul-Aziz,104,1974,0,0
12,Dave Cowens,101,1974,0,0
13,Curtis Perry,97,1974,0,0
14,Leroy Ellis,87,1974,0,0
15,Connie Hawkins,81,1974,0,0
16,Cliff Meely,77,1974,0,0
17,Dwight Davis,74,1974,0,0
18,Jim Washington,74,1974,0,0
19,Lloyd Neal,73,1974,0,0
20,Elmore Smith,609,1975,0,393
21,Kareem Abdul-Jabbar,495,1975,0,283
22,Elvin Hayes,427,1975,0,240
23,Bob McAdoo,420,1975,0,246
24,Bob Lanier,419,1975,0,247
25,Nate Thurmond,374,1975,0,179
26,Sam Lacey,352,1975,0,184
27,Gar Heard,350,1975,0,230
28,Clifford Ray,289,1975,0,173
29,George Johnson,260,1975,0,124
30,Spencer Haywood,214,1975,0,106
31,Zaid Abdul-Aziz,178,1975,0,104
32,Curtis Perry,175,1975,0,97
33,Dave Cowens,174,1975,0,101
34,John Gianelli,160,1975,0,0
35,Lloyd Neal,160,1975,0,73
36,Tom Burleson,153,1975,0,0
37,Sidney Wicks,143,1975,0,0
38,Leroy Ellis,142,1975,0,87
39,Kevin Kunnert,138,1975,0,0
40,Elmore Smith,847,1976,0,609
41,Kareem Abdul-Jabbar,833,1976,0,495
42,Elvin Hayes,629,1976,0,427
43,Bob McAdoo,580,1976,0,420
44,Bob Lanier,505,1976,0,419
45,Sam Lacey,486,1976,0,352
46,Nate Thurmond,472,1976,0,374
47,Gar Heard,446,1976,0,350
48,George Johnson,434,1976,0,260
49,Clifford Ray,372,1976,0,289
50,Tom Burleson,303,1976,0,153
51,Spencer Haywood,294,1976,0,214
52,Lloyd Neal,267,1976,0,160
53,Dave Cowens,245,1976,0,174
54,Kevin Kunnert,243,1976,0,138
55,Curtis Perry,241,1976,0,175
56,Otto Moore,225,1976,0,0
57,Harvey Catchings,224,1976,0,0
58,John Gianelli,222,1976,0,160
59,Jim Chones,213,1976,0,0
60,Kareem Abdul-Jabbar,1094,1977,0,833
61,Elmore Smith,991,1977,0,847
62,Elvin Hayes,849,1977,0,629
63,Bob McAdoo,679,1977,0,580
64,Bob Lanier,631,1977,0,505
65,Sam Lacey,619,1977,0,486
66,George Johnson,611,1977,0,434
67,Nate Thurmond,553,1977,0,472
68,Gar Heard,501,1977,0,446
69,Clifford Ray,453,1977,0,372
70,Tom Burleson,420,1977,0,303
71,Bill Walton,387,1977,0,0
72,Kevin Kunnert,348,1977,0,243
73,Otto Moore,342,1977,0,225
74,Spencer Haywood,323,1977,0,294
75,John Gianelli,320,1977,0,222
76,Harvey Catchings,302,1977,0,224
77,Lloyd Neal,302,1977,0,267
78,Dave Cowens,294,1977,0,245
79,Jim Chones,290,1977,0,213
80,Kareem Abdul-Jabbar,1279,1978,0,1094
81,Elmore Smith,1167,1978,0,991
82,Elvin Hayes,1008,1978,0,849
83,George Johnson,885,1978,0,611
84,Bob McAdoo,805,1978,0,679
85,Sam Lacey,727,1978,0,619
86,Bob Lanier,724,1978,0,631
87,Gar Heard,602,1978,0,501
88,Nate Thurmond,553,1978,0,553
89,Clifford Ray,543,1978,0,453
90,Bill Walton,533,1978,0,387
91,Tom Burleson,501,1978,0,420
92,Kevin Kunnert,438,1978,0,348
93,John Gianelli,412,1978,0,320
94,Spencer Haywood,395,1978,0,323
95,Artis Gilmore,384,1978,0,0
96,Harvey Catchings,369,1978,0,302
97,Billy Paultz,367,1978,0,0
98,Dave Cowens,361,1978,0,294
99,Jim Chones,348,1978,0,290
100,Kareem Abdul-Jabbar,1595,1979,0,1279
101,Elvin Hayes,1198,1979,0,1008
102,Elmore Smith,1183,1979,0,1167
103,George Johnson,1138,1979,0,885
104,Bob McAdoo,872,1979,0,805
105,Sam Lacey,868,1979,0,727
106,Bob Lanier,799,1979,0,724
107,Gar Heard,659,1979,0,602
108,Clifford Ray,593,1979,0,543
109,Tom Burleson,559,1979,0,501
110,Kevin Kunnert,556,1979,0,438
111,Nate Thurmond,553,1979,0,553
112,Artis Gilmore,540,1979,0,384
113,Bill Walton,533,1979,0,533
114,Billy Paultz,492,1979,0,367
115,Caldwell Jones,484,1979,0,0
116,Spencer Haywood,477,1979,0,395
117,Tree Rollins,472,1979,0,0
118,John Gianelli,469,1979,0,412
119,Harvey Catchings,460,1979,0,369
120,Kareem Abdul-Jabbar,1875,1980,0,1595
121,George Johnson,1396,1980,0,1138
122,Elvin Hayes,1387,1980,0,1198
123,Elmore Smith,1183,1980,0,1183
124,Sam Lacey,977,1980,0,868
125,Bob McAdoo,937,1980,0,872
126,Bob Lanier,888,1980,0,799
127,Tree Rollins,716,1980,0,472
128,Gar Heard,708,1980,0,659
129,Caldwell Jones,646,1980,0,484
130,Clifford Ray,625,1980,0,593
131,Harvey Catchings,622,1980,0,460
132,Artis Gilmore,599,1980,0,540
133,Dan Roundfield,595,1980,0,0
134,Kevin Kunnert,578,1980,0,556
135,Billy Paultz,576,1980,0,492
136,Tom Burleson,572,1980,0,559
137,Bill Walton,571,1980,0,533
138,Nate Thurmond,553,1980,0,553
139,Robert Parish,549,1980,0,0
140,Kareem Abdul-Jabbar,2103,1981,0,1875
141,George Johnson,1674,1981,0,1396
142,Elvin Hayes,1558,1981,0,1387
143,Elmore Smith,1183,1981,0,1183
144,Sam Lacey,1097,1981,0,977
145,Bob Lanier,969,1981,0,888
146,Bob McAdoo,950,1981,0,937
147,Tree Rollins,833,1981,0,716
148,Harvey Catchings,806,1981,0,622
149,Artis Gilmore,797,1981,0,599
150,Gar Heard,780,1981,0,708
151,Caldwell Jones,780,1981,0,646
152,Robert Parish,763,1981,0,549
153,Dan Roundfield,714,1981,0,595
154,Billy Paultz,648,1981,0,576
155,Clifford Ray,638,1981,0,625
156,Moses Malone,633,1981,0,0
157,Joe Meriweather,614,1981,0,0
158,Jim Chones,611,1981,0,348
159,Kevin Kunnert,610,1981,0,578
160,Kareem Abdul-Jabbar,2310,1982,0,2103
161,George Johnson,1908,1982,0,1674
162,Elvin Hayes,1662,1982,0,1558
163,Elmore Smith,1183,1982,0,1183
164,Sam Lacey,1135,1982,0,1097
165,Tree Rollins,1057,1982,0,833
166,Bob Lanier,1025,1982,0,969
167,Artis Gilmore,1017,1982,0,797
168,Bob McAdoo,986,1982,0,950
169,Robert Parish,955,1982,0,763
170,Harvey Catchings,940,1982,0,806
171,Caldwell Jones,926,1982,0,780
172,Dan Roundfield,807,1982,0,714
173,Gar Heard,780,1982,0,780
174,Terry Tyler,761,1982,0,0
175,Moses Malone,758,1982,0,633
176,Julius Erving,738,1982,0,0
177,Bobby Jones,688,1982,0,0
178,Billy Paultz,670,1982,0,648
179,Rich Kelley,648,1982,0,0
180,Kareem Abdul-Jabbar,2480,1983,0,2310
181,George Johnson,1967,1983,0,1908
182,Elvin Hayes,1743,1983,0,1662
183,Tree Rollins,1400,1983,0,1057
184,Artis Gilmore,1209,1983,0,1017
185,Elmore Smith,1183,1983,0,1183
186,Sam Lacey,1160,1983,0,1135
187,Robert Parish,1103,1983,0,955
188,Harvey Catchings,1088,1983,0,940
189,Caldwell Jones,1057,1983,0,926
190,Bob Lanier,1049,1983,0,1025
191,Bob McAdoo,1026,1983,0,986
192,Dan Roundfield,922,1983,0,807
193,Terry Tyler,921,1983,0,761
194,Moses Malone,915,1983,0,758
195,Julius Erving,869,1983,0,738
196,Darryl Dawkins,787,1983,0,0
197,Gar Heard,780,1983,0,780
198,Bobby Jones,779,1983,0,688
199,Marvin Webster,722,1983,0,0
200,Kareem Abdul-Jabbar,2623,1984,0,2480
201,George Johnson,1967,1984,0,1967
202,Elvin Hayes,1771,1984,0,1743
203,Tree Rollins,1677,1984,0,1400
204,Artis Gilmore,1341,1984,0,1209
205,Robert Parish,1219,1984,0,1103
206,Elmore Smith,1183,1984,0,1183
207,Harvey Catchings,1169,1984,0,1088
208,Sam Lacey,1160,1984,0,1160
209,Caldwell Jones,1137,1984,0,1057
210,Bob Lanier,1100,1984,0,1049
211,Bob McAdoo,1076,1984,0,1026
212,Moses Malone,1025,1984,0,915
213,Julius Erving,1008,1984,0,869
214,Dan Roundfield,996,1984,0,922
215,Terry Tyler,980,1984,0,921
216,Darryl Dawkins,923,1984,0,787
217,Bobby Jones,882,1984,0,779
218,Marvin Webster,822,1984,0,722
219,Joe Meriweather,782,1984,0,614
220,Kareem Abdul-Jabbar,2785,1985,0,2623
221,George Johnson,2045,1985,0,1967
222,Tree Rollins,1844,1985,0,1677
223,Elvin Hayes,1771,1985,0,1771
224,Artis Gilmore,1514,1985,0,1341
225,Robert Parish,1320,1985,0,1219
226,Harvey Catchings,1226,1985,0,1169
227,Elmore Smith,1183,1985,0,1183
228,Caldwell Jones,1168,1985,0,1137
229,Sam Lacey,1160,1985,0,1160
230,Moses Malone,1148,1985,0,1025
231,Bob McAdoo,1129,1985,0,1076
232,Julius Erving,1117,1985,0,1008
233,Bob Lanier,1100,1985,0,1100
234,Mark Eaton,1082,1985,0,0
235,Terry Tyler,1070,1985,0,980
236,Dan Roundfield,1050,1985,0,996
237,Darryl Dawkins,958,1985,0,923
238,Bobby Jones,932,1985,0,882
239,Bill Walton,918,1985,0,571
240,Kareem Abdul-Jabbar,2915,1986,0,2785
241,George Johnson,2082,1986,0,2045
242,Tree Rollins,2011,1986,0,1844
243,Elvin Hayes,1771,1986,0,1771
244,Artis Gilmore,1622,1986,0,1514
245,Mark Eaton,1451,1986,0,1082
246,Robert Parish,1436,1986,0,1320
247,Caldwell Jones,1229,1986,0,1168
248,Harvey Catchings,1226,1986,0,1226
249,Moses Malone,1219,1986,0,1148
250,Julius Erving,1199,1986,0,1117
251,Elmore Smith,1183,1986,0,1183
252,Terry Tyler,1178,1986,0,1070
253,Sam Lacey,1160,1986,0,1160
254,Bob McAdoo,1147,1986,0,1129
255,Dan Roundfield,1101,1986,0,1050
256,Bob Lanier,1100,1986,0,1100
257,Bill Walton,1024,1986,0,918
258,Darryl Dawkins,1017,1986,0,958
259,Bobby Jones,982,1986,0,932
260,Kareem Abdul-Jabbar,3012,1987,0,2915
261,Tree Rollins,2151,1987,0,2011
262,George Johnson,2082,1987,0,2082
263,Mark Eaton,1772,1987,0,1451
264,Elvin Hayes,1771,1987,0,1771
265,Artis Gilmore,1717,1987,0,1622
266,Robert Parish,1580,1987,0,1436
267,Moses Malone,1311,1987,0,1219
268,Caldwell Jones,1306,1987,0,1229
269,Julius Erving,1293,1987,0,1199
270,Terry Tyler,1256,1987,0,1178
271,Harvey Catchings,1226,1987,0,1226
272,Elmore Smith,1183,1987,0,1183
273,Sam Lacey,1160,1987,0,1160
274,Bob McAdoo,1147,1987,0,1147
275,Dan Roundfield,1117,1987,0,1101
276,Bob Lanier,1100,1987,0,1100
277,Kevin McHale,1080,1987,0,0
278,Wayne Cooper,1047,1987,0,0
279,Bill Walton,1034,1987,0,1024
280,Kareem Abdul-Jabbar,3104,1988,0,3012
281,Tree Rollins,2283,1988,0,2151
282,George Johnson,2082,1988,0,2082
283,Mark Eaton,2076,1988,0,1772
284,Elvin Hayes,1771,1988,0,1771
285,Artis Gilmore,1747,1988,0,1717
286,Robert Parish,1664,1988,0,1580
287,Caldwell Jones,1405,1988,0,1306
288,Moses Malone,1383,1988,0,1311
289,Terry Tyler,1303,1988,0,1256
290,Julius Erving,1293,1988,0,1293
291,Harvey Catchings,1226,1988,0,1226
292,Elmore Smith,1183,1988,0,1183
293,Kevin McHale,1172,1988,0,1080
294,Sam Lacey,1160,1988,0,1160
295,Bob McAdoo,1147,1988,0,1147
296,Wayne Cooper,1141,1988,0,1047
297,Dan Roundfield,1117,1988,0,1117
298,Bob Lanier,1100,1988,0,1100
299,Alton Lister,1064,1988,0,0
300,Kareem Abdul-Jabbar,3189,1989,0,3104
301,Mark Eaton,2391,1989,0,2076
302,Tree Rollins,2321,1989,0,2283
303,George Johnson,2082,1989,0,2082
304,Robert Parish,1780,1989,0,1664
305,Elvin Hayes,1771,1989,0,1771
306,Artis Gilmore,1747,1989,0,1747
307,Caldwell Jones,1490,1989,0,1405
308,Moses Malone,1483,1989,0,1383
309,Wayne Cooper,1352,1989,0,1141
310,Terry Tyler,1342,1989,0,1303
311,Julius Erving,1293,1989,0,1293
312,Kevin McHale,1269,1989,0,1172
313,Manute Bol,1252,1989,0,0
314,Alton Lister,1244,1989,0,1064
315,Harvey Catchings,1226,1989,0,1226
316,Larry Nance,1209,1989,0,0
317,Hakeem Olajuwon,1201,1989,0,0
318,Elmore Smith,1183,1989,0,1183
319,Sam Lacey,1160,1989,0,1160
320,Kareem Abdul-Jabbar,3189,1990,0,3189
321,Mark Eaton,2592,1990,0,2391
322,Tree Rollins,2374,1990,0,2321
323,George Johnson,2082,1990,0,2082
324,Robert Parish,1849,1990,0,1780
325,Elvin Hayes,1771,1990,0,1771
326,Artis Gilmore,1747,1990,0,1747
327,Hakeem Olajuwon,1577,1990,0,1201
328,Moses Malone,1567,1990,0,1483
329,Caldwell Jones,1517,1990,0,1490
330,Manute Bol,1490,1990,0,1252
331,Wayne Cooper,1447,1990,0,1352
332,Kevin McHale,1426,1990,0,1269
333,Terry Tyler,1342,1990,0,1342
334,Larry Nance,1331,1990,0,1209
335,Julius Erving,1293,1990,0,1293
336,Herb Williams,1254,1990,0,0
337,Alton Lister,1244,1990,0,1244
338,Harvey Catchings,1226,1990,0,1226
339,Elmore Smith,1183,1990,0,1183
340,Kareem Abdul-Jabbar,3189,1991,0,3189
341,Mark Eaton,2780,1991,0,2592
342,Tree Rollins,2394,1991,0,2374
343,George Johnson,2082,1991,0,2082
344,Robert Parish,1952,1991,0,1849
345,Hakeem Olajuwon,1798,1991,0,1577
346,Elvin Hayes,1771,1991,0,1771
347,Artis Gilmore,1747,1991,0,1747
348,Manute Bol,1737,1991,0,1490
349,Moses Malone,1641,1991,0,1567
350,Kevin McHale,1572,1991,0,1426
351,Larry Nance,1531,1991,0,1331
352,Caldwell Jones,1517,1991,0,1517
353,Wayne Cooper,1508,1991,0,1447
354,Patrick Ewing,1361,1991,0,0
355,Terry Tyler,1342,1991,0,1342
356,Herb Williams,1342,1991,0,1254
357,Alton Lister,1334,1991,0,1244
358,Julius Erving,1293,1991,0,1293
359,Harvey Catchings,1226,1991,0,1226
360,Kareem Abdul-Jabbar,3189,1992,0,3189
361,Mark Eaton,2985,1992,0,2780
362,Tree Rollins,2456,1992,0,2394
363,Hakeem Olajuwon,2102,1992,0,1798
364,George Johnson,2082,1992,0,2082
365,Robert Parish,2049,1992,0,1952
366,Manute Bol,1942,1992,0,1737
367,Larry Nance,1774,1992,0,1531
368,Elvin Hayes,1771,1992,0,1771
369,Artis Gilmore,1747,1992,0,1747
370,Moses Malone,1705,1992,0,1641
371,Kevin McHale,1631,1992,0,1572
372,Patrick Ewing,1606,1992,0,1361
373,Wayne Cooper,1535,1992,0,1508
374,Caldwell Jones,1517,1992,0,1517
375,Herb Williams,1440,1992,0,1342
376,Alton Lister,1350,1992,0,1334
377,Terry Tyler,1342,1992,0,1342
378,Julius Erving,1293,1992,0,1293
379,Benoit Benjamin,1289,1992,0,0
380,Kareem Abdul-Jabbar,3189,1993,0,3189
381,Mark Eaton,3064,1993,0,2985
382,Tree Rollins,2471,1993,0,2456
383,Hakeem Olajuwon,2444,1993,0,2102
384,Robert Parish,2156,1993,0,2049
385,George Johnson,2082,1993,0,2082
386,Manute Bol,2061,1993,0,1942
387,Larry Nance,1972,1993,0,1774
388,Elvin Hayes,1771,1993,0,1771
389,Patrick Ewing,1767,1993,0,1606
390,Artis Gilmore,1747,1993,0,1747
391,Moses Malone,1713,1993,0,1705
392,Kevin McHale,1690,1993,0,1631
393,Wayne Cooper,1535,1993,0,1535
394,Caldwell Jones,1517,1993,0,1517
395,Herb Williams,1468,1993,0,1440
396,Alton Lister,1359,1993,0,1350
397,Terry Tyler,1342,1993,0,1342
398,Benoit Benjamin,1337,1993,0,1289
399,Julius Erving,1293,1993,0,1293
400,Kareem Abdul-Jabbar,3189,1994,0,3189
401,Mark Eaton,3064,1994,0,3064
402,Hakeem Olajuwon,2741,1994,0,2444
403,Tree Rollins,2506,1994,0,2471
404,Robert Parish,2252,1994,0,2156
405,George Johnson,2082,1994,0,2082
406,Manute Bol,2077,1994,0,2061
407,Larry Nance,2027,1994,0,1972
408,Patrick Ewing,1984,1994,0,1767
409,Elvin Hayes,1771,1994,0,1771
410,Artis Gilmore,1747,1994,0,1747
411,Moses Malone,1730,1994,0,1713
412,Kevin McHale,1690,1994,0,1690
413,Wayne Cooper,1535,1994,0,1535
414,Caldwell Jones,1517,1994,0,1517
415,Herb Williams,1511,1994,0,1468
416,David Robinson,1473,1994,0,0
417,Benoit Benjamin,1427,1994,0,1337
418,Alton Lister,1359,1994,0,1359
419,Terry Tyler,1342,1994,0,1342
420,Kareem Abdul-Jabbar,3189,1995,0,3189
421,Mark Eaton,3064,1995,0,3064
422,Hakeem Olajuwon,2983,1995,0,2741
423,Tree Rollins,2542,1995,0,2506
424,Robert Parish,2288,1995,0,2252
425,Patrick Ewing,2143,1995,0,1984
426,Manute Bol,2086,1995,0,2077
427,George Johnson,2082,1995,0,2082
428,Larry Nance,2027,1995,0,2027
429,Elvin Hayes,1771,1995,0,1771
430,Artis Gilmore,1747,1995,0,1747
431,David Robinson,1735,1995,0,1473
432,Moses Malone,1733,1995,0,1730
433,Kevin McHale,1690,1995,0,1690
434,Herb Williams,1556,1995,0,1511
435,Wayne Cooper,1535,1995,0,1535
436,Caldwell Jones,1517,1995,0,1517
437,Benoit Benjamin,1491,1995,0,1427
438,Alton Lister,1416,1995,0,1359
439,Terry Tyler,1342,1995,0,1342
440,Hakeem Olajuwon,3190,1996,0,2983
441,Kareem Abdul-Jabbar,3189,1996,0,3189
442,Mark Eaton,3064,1996,0,3064
443,Tree Rollins,2542,1996,0,2542
444,Robert Parish,2342,1996,0,2288
445,Patrick Ewing,2327,1996,0,2143
446,Manute Bol,2086,1996,0,2086
447,George Johnson,2082,1996,0,2082
448,Larry Nance,2027,1996,0,2027
449,David Robinson,2006,1996,0,1735
450,Elvin Hayes,1771,1996,0,1771
451,Artis Gilmore,1747,1996,0,1747
452,Moses Malone,1733,1996,0,1733
453,Kevin McHale,1690,1996,0,1690
454,Herb Williams,1589,1996,0,1556
455,Benoit Benjamin,1576,1996,0,1491
456,Wayne Cooper,1535,1996,0,1535
457,Caldwell Jones,1517,1996,0,1517
458,Dikembe Mutombo,1486,1996,0,0
459,Alton Lister,1458,1996,0,1416
460,Hakeem Olajuwon,3363,1997,0,3190
461,Kareem Abdul-Jabbar,3189,1997,0,3189
462,Mark Eaton,3064,1997,0,3064
463,Tree Rollins,2542,1997,0,2542
464,Patrick Ewing,2516,1997,0,2327
465,Robert Parish,2361,1997,0,2342
466,Manute Bol,2086,1997,0,2086
467,George Johnson,2082,1997,0,2082
468,Larry Nance,2027,1997,0,2027
469,David Robinson,2012,1997,0,2006
470,Elvin Hayes,1771,1997,0,1771
471,Dikembe Mutombo,1750,1997,0,1486
472,Artis Gilmore,1747,1997,0,1747
473,Moses Malone,1733,1997,0,1733
474,Kevin McHale,1690,1997,0,1690
475,Herb Williams,1594,1997,0,1589
476,Benoit Benjamin,1576,1997,0,1576
477,Wayne Cooper,1535,1997,0,1535
478,Caldwell Jones,1517,1997,0,1517
479,Alton Lister,1472,1997,0,1458
480,Hakeem Olajuwon,3459,1998,0,3363
481,Kareem Abdul-Jabbar,3189,1998,0,3189
482,Mark Eaton,3064,1998,0,3064
483,Patrick Ewing,2574,1998,0,2516
484,Tree Rollins,2542,1998,0,2542
485,Robert Parish,2361,1998,0,2361
486,David Robinson,2204,1998,0,2012
487,Manute Bol,2086,1998,0,2086
488,George Johnson,2082,1998,0,2082
489,Dikembe Mutombo,2027,1998,0,1750
490,Larry Nance,2027,1998,0,2027
491,Elvin Hayes,1771,1998,0,1771
492,Artis Gilmore,1747,1998,0,1747
493,Moses Malone,1733,1998,0,1733
494,Kevin McHale,1690,1998,0,1690
495,Herb Williams,1603,1998,0,1594
496,Benoit Benjamin,1580,1998,0,1576
497,Wayne Cooper,1535,1998,0,1535
498,Caldwell Jones,1517,1998,0,1517
499,Alton Lister,1473,1998,0,1472
500,Hakeem Olajuwon,3582,1999,0,3459
501,Kareem Abdul-Jabbar,3189,1999,0,3189
502,Mark Eaton,3064,1999,0,3064
503,Patrick Ewing,2674,1999,0,2574
504,Tree Rollins,2542,1999,0,2542
505,Robert Parish,2361,1999,0,2361
506,David Robinson,2323,1999,0,2204
507,Dikembe Mutombo,2174,1999,0,2027
508,Manute Bol,2086,1999,0,2086
509,George Johnson,2082,1999,0,2082
510,Larry Nance,2027,1999,0,2027
511,Elvin Hayes,1771,1999,0,1771
512,Artis Gilmore,1747,1999,0,1747
513,Moses Malone,1733,1999,0,1733
514,Kevin McHale,1690,1999,0,1690
515,Herb Williams,1605,1999,0,1603
516,Benoit Benjamin,1580,1999,0,1580
517,Wayne Cooper,1535,1999,0,1535
518,Caldwell Jones,1517,1999,0,1517
519,Alton Lister,1473,1999,0,1473
520,Hakeem Olajuwon,3652,2000,0,3582
521,Kareem Abdul-Jabbar,3189,2000,0,3189
522,Mark Eaton,3064,2000,0,3064
523,Patrick Ewing,2758,2000,0,2674
524,Tree Rollins,2542,2000,0,2542
525,David Robinson,2506,2000,0,2323
526,Dikembe Mutombo,2443,2000,0,2174
527,Robert Parish,2361,2000,0,2361
528,Manute Bol,2086,2000,0,2086
529,George Johnson,2082,2000,0,2082
530,Larry Nance,2027,2000,0,2027
531,Elvin Hayes,1771,2000,0,1771
532,Artis Gilmore,1747,2000,0,1747
533,Moses Malone,1733,2000,0,1733
534,Kevin McHale,1690,2000,0,1690
535,Alonzo Mourning,1666,2000,0,0
536,Herb Williams,1605,2000,0,1605
537,Benoit Benjamin,1581,2000,0,1580
538,Wayne Cooper,1535,2000,0,1535
539,Shawn Bradley,1520,2000,0,0
540,Hakeem Olajuwon,3740,2001,0,3652
541,Kareem Abdul-Jabbar,3189,2001,0,3189
542,Mark Eaton,3064,2001,0,3064
543,Patrick Ewing,2849,2001,0,2758
544,David Robinson,2703,2001,0,2506
545,Dikembe Mutombo,2646,2001,0,2443
546,Tree Rollins,2542,2001,0,2542
547,Robert Parish,2361,2001,0,2361
548,Manute Bol,2086,2001,0,2086
549,George Johnson,2082,2001,0,2082
550,Larry Nance,2027,2001,0,2027
551,Elvin Hayes,1771,2001,0,1771
552,Shawn Bradley,1748,2001,0,1520
553,Artis Gilmore,1747,2001,0,1747
554,Moses Malone,1733,2001,0,1733
555,Alonzo Mourning,1697,2001,0,1666
556,Kevin McHale,1690,2001,0,1690
557,Shaquille O'Neal,1640,2001,0,0
558,Herb Williams,1605,2001,0,1605
559,Benoit Benjamin,1581,2001,0,1581
560,Hakeem Olajuwon,3830,2002,0,3740
561,Kareem Abdul-Jabbar,3189,2002,0,3189
562,Mark Eaton,3064,2002,0,3064
563,Patrick Ewing,2894,2002,0,2849
564,David Robinson,2843,2002,0,2703
565,Dikembe Mutombo,2836,2002,0,2646
566,Tree Rollins,2542,2002,0,2542
567,Robert Parish,2361,2002,0,2361
568,Manute Bol,2086,2002,0,2086
569,George Johnson,2082,2002,0,2082
570,Larry Nance,2027,2002,0,2027
571,Alonzo Mourning,1883,2002,0,1697
572,Shawn Bradley,1812,2002,0,1748
573,Shaquille O'Neal,1777,2002,0,1640
574,Elvin Hayes,1771,2002,0,1771
575,Artis Gilmore,1747,2002,0,1747
576,Moses Malone,1733,2002,0,1733
577,Kevin McHale,1690,2002,0,1690
578,Herb Williams,1605,2002,0,1605
579,Benoit Benjamin,1581,2002,0,1581
580,Hakeem Olajuwon,3830,2003,0,3830
581,Kareem Abdul-Jabbar,3189,2003,0,3189
582,Mark Eaton,3064,2003,0,3064
583,David Robinson,2954,2003,0,2843
584,Patrick Ewing,2894,2003,0,2894
585,Dikembe Mutombo,2873,2003,0,2836
586,Tree Rollins,2542,2003,0,2542
587,Robert Parish,2361,2003,0,2361
588,Manute Bol,2086,2003,0,2086
589,George Johnson,2082,2003,0,2082
590,Larry Nance,2027,2003,0,2027
591,Shawn Bradley,1982,2003,0,1812
592,Shaquille O'Neal,1936,2003,0,1777
593,Alonzo Mourning,1883,2003,0,1883
594,Elvin Hayes,1771,2003,0,1771
595,Artis Gilmore,1747,2003,0,1747
596,Moses Malone,1733,2003,0,1733
597,Kevin McHale,1690,2003,0,1690
598,Herb Williams,1605,2003,0,1605
599,Benoit Benjamin,1581,2003,0,1581
600,Hakeem Olajuwon,3830,2004,0,3830
601,Kareem Abdul-Jabbar,3189,2004,0,3189
602,Mark Eaton,3064,2004,0,3064
603,Dikembe Mutombo,2996,2004,0,2873
604,David Robinson,2954,2004,0,2954
605,Patrick Ewing,2894,2004,0,2894
606,Tree Rollins,2542,2004,0,2542
607,Robert Parish,2361,2004,0,2361
608,Shaquille O'Neal,2102,2004,0,1936
609,Manute Bol,2086,2004,0,2086
610,George Johnson,2082,2004,0,2082
611,Shawn Bradley,2056,2004,0,1982
612,Larry Nance,2027,2004,0,2027
613,Alonzo Mourning,1889,2004,0,1883
614,Elvin Hayes,1771,2004,0,1771
615,Artis Gilmore,1747,2004,0,1747
616,Moses Malone,1733,2004,0,1733
617,Kevin McHale,1690,2004,0,1690
618,Vlade Divac,1630,2004,0,0
619,Herb Williams,1605,2004,0,1605
620,Hakeem Olajuwon,3830,2005,0,3830
621,Kareem Abdul-Jabbar,3189,2005,0,3189
622,Dikembe Mutombo,3097,2005,0,2996
623,Mark Eaton,3064,2005,0,3064
624,David Robinson,2954,2005,0,2954
625,Patrick Ewing,2894,2005,0,2894
626,Tree Rollins,2542,2005,0,2542
627,Robert Parish,2361,2005,0,2361
628,Shaquille O'Neal,2273,2005,0,2102
629,Shawn Bradley,2119,2005,0,2056
630,Manute Bol,2086,2005,0,2086
631,George Johnson,2082,2005,0,2082
632,Larry Nance,2027,2005,0,2027
633,Alonzo Mourning,1963,2005,0,1889
634,Elvin Hayes,1771,2005,0,1771
635,Artis Gilmore,1747,2005,0,1747
636,Moses Malone,1733,2005,0,1733
637,Theo Ratliff,1727,2005,0,0
638,Kevin McHale,1690,2005,0,1690
639,Vlade Divac,1631,2005,0,1630
640,Hakeem Olajuwon,3830,2006,0,3830
641,Kareem Abdul-Jabbar,3189,2006,0,3189
642,Dikembe Mutombo,3154,2006,0,3097
643,Mark Eaton,3064,2006,0,3064
644,David Robinson,2954,2006,0,2954
645,Patrick Ewing,2894,2006,0,2894
646,Tree Rollins,2542,2006,0,2542
647,Shaquille O'Neal,2377,2006,0,2273
648,Robert Parish,2361,2006,0,2361
649,Alonzo Mourning,2136,2006,0,1963
650,Shawn Bradley,2119,2006,0,2119
651,Manute Bol,2086,2006,0,2086
652,George Johnson,2082,2006,0,2082
653,Larry Nance,2027,2006,0,2027
654,Theo Ratliff,1815,2006,0,1727
655,Elvin Hayes,1771,2006,0,1771
656,Artis Gilmore,1747,2006,0,1747
657,Moses Malone,1733,2006,0,1733
658,Kevin McHale,1690,2006,0,1690
659,Tim Duncan,1650,2006,0,0
660,Hakeem Olajuwon,3830,2007,0,3830
661,Dikembe Mutombo,3230,2007,0,3154
662,Kareem Abdul-Jabbar,3189,2007,0,3189
663,Mark Eaton,3064,2007,0,3064
664,David Robinson,2954,2007,0,2954
665,Patrick Ewing,2894,2007,0,2894
666,Tree Rollins,2542,2007,0,2542
667,Shaquille O'Neal,2432,2007,0,2377
668,Robert Parish,2361,2007,0,2361
669,Alonzo Mourning,2314,2007,0,2136
670,Shawn Bradley,2119,2007,0,2119
671,Manute Bol,2086,2007,0,2086
672,George Johnson,2082,2007,0,2082
673,Larry Nance,2027,2007,0,2027
674,Tim Duncan,1840,2007,0,1650
675,Theo Ratliff,1818,2007,0,1815
676,Elvin Hayes,1771,2007,0,1771
677,Ben Wallace,1756,2007,0,0
678,Artis Gilmore,1747,2007,0,1747
679,Moses Malone,1733,2007,0,1733
680,Hakeem Olajuwon,3830,2008,0,3830
681,Dikembe Mutombo,3278,2008,0,3230
682,Kareem Abdul-Jabbar,3189,2008,0,3189
683,Mark Eaton,3064,2008,0,3064
684,David Robinson,2954,2008,0,2954
685,Patrick Ewing,2894,2008,0,2894
686,Tree Rollins,2542,2008,0,2542
687,Shaquille O'Neal,2520,2008,0,2432
688,Robert Parish,2361,2008,0,2361
689,Alonzo Mourning,2356,2008,0,2314
690,Shawn Bradley,2119,2008,0,2119
691,Manute Bol,2086,2008,0,2086
692,George Johnson,2082,2008,0,2082
693,Larry Nance,2027,2008,0,2027
694,Tim Duncan,1992,2008,0,1840
695,Ben Wallace,1873,2008,0,1756
696,Marcus Camby,1862,2008,0,0
697,Theo Ratliff,1855,2008,0,1818
698,Elvin Hayes,1771,2008,0,1771
699,Artis Gilmore,1747,2008,0,1747
700,Hakeem Olajuwon,3830,2009,0,3830
701,Dikembe Mutombo,3289,2009,0,3278
702,Kareem Abdul-Jabbar,3189,2009,0,3189
703,Mark Eaton,3064,2009,0,3064
704,David Robinson,2954,2009,0,2954
705,Patrick Ewing,2894,2009,0,2894
706,Shaquille O'Neal,2628,2009,0,2520
707,Tree Rollins,2542,2009,0,2542
708,Robert Parish,2361,2009,0,2361
709,Alonzo Mourning,2356,2009,0,2356
710,Shawn Bradley,2119,2009,0,2119
711,Tim Duncan,2118,2009,0,1992
712,Manute Bol,2086,2009,0,2086
713,George Johnson,2082,2009,0,2082
714,Larry Nance,2027,2009,0,2027
715,Marcus Camby,1994,2009,0,1862
716,Ben Wallace,1948,2009,0,1873
717,Theo Ratliff,1902,2009,0,1855
718,Elvin Hayes,1771,2009,0,1771
719,Artis Gilmore,1747,2009,0,1747
720,Hakeem Olajuwon,3830,2010,0,3830
721,Dikembe Mutombo,3289,2010,0,3289
722,Kareem Abdul-Jabbar,3189,2010,0,3189
723,Mark Eaton,3064,2010,0,3064
724,David Robinson,2954,2010,0,2954
725,Patrick Ewing,2894,2010,0,2894
726,Shaquille O'Neal,2690,2010,0,2628
727,Tree Rollins,2542,2010,0,2542
728,Robert Parish,2361,2010,0,2361
729,Alonzo Mourning,2356,2010,0,2356
730,Tim Duncan,2235,2010,0,2118
731,Marcus Camby,2140,2010,0,1994
732,Shawn Bradley,2119,2010,0,2119
733,Manute Bol,2086,2010,0,2086
734,George Johnson,2082,2010,0,2082
735,Ben Wallace,2032,2010,0,1948
736,Larry Nance,2027,2010,0,2027
737,Theo Ratliff,1963,2010,0,1902
738,Kevin Garnett,1790,2010,0,0
739,Elvin Hayes,1771,2010,0,1771
740,Hakeem Olajuwon,3830,2011,0,3830
741,Dikembe Mutombo,3289,2011,0,3289
742,Kareem Abdul-Jabbar,3189,2011,0,3189
743,Mark Eaton,3064,2011,0,3064
744,David Robinson,2954,2011,0,2954
745,Patrick Ewing,2894,2011,0,2894
746,Shaquille O'Neal,2732,2011,0,2690
747,Tree Rollins,2542,2011,0,2542
748,Tim Duncan,2381,2011,0,2235
749,Robert Parish,2361,2011,0,2361
750,Alonzo Mourning,2356,2011,0,2356
751,Marcus Camby,2232,2011,0,2140
752,Shawn Bradley,2119,2011,0,2119
753,Manute Bol,2086,2011,0,2086
754,Ben Wallace,2086,2011,0,2032
755,George Johnson,2082,2011,0,2082
756,Larry Nance,2027,2011,0,2027
757,Theo Ratliff,1968,2011,0,1963
758,Kevin Garnett,1847,2011,0,1790
759,Elvin Hayes,1771,2011,0,1771
760,Hakeem Olajuwon,3830,2012,0,3830
761,Dikembe Mutombo,3289,2012,0,3289
762,Kareem Abdul-Jabbar,3189,2012,0,3189
763,Mark Eaton,3064,2012,0,3064
764,David Robinson,2954,2012,0,2954
765,Patrick Ewing,2894,2012,0,2894
766,Shaquille O'Neal,2732,2012,0,2732
767,Tree Rollins,2542,2012,0,2542
768,Tim Duncan,2469,2012,0,2381
769,Robert Parish,2361,2012,0,2361
770,Alonzo Mourning,2356,2012,0,2356
771,Marcus Camby,2317,2012,0,2232
772,Ben Wallace,2137,2012,0,2086
773,Shawn Bradley,2119,2012,0,2119
774,Manute Bol,2086,2012,0,2086
775,George Johnson,2082,2012,0,2082
776,Larry Nance,2027,2012,0,2027
777,Theo Ratliff,1968,2012,0,1968
778,Kevin Garnett,1908,2012,0,1847
779,Elvin Hayes,1771,2012,0,1771
780,Hakeem Olajuwon,3830,2013,0,3830
781,Dikembe Mutombo,3289,2013,0,3289
782,Kareem Abdul-Jabbar,3189,2013,0,3189
783,Mark Eaton,3064,2013,0,3064
784,David Robinson,2954,2013,0,2954
785,Patrick Ewing,2894,2013,0,2894
786,Shaquille O'Neal,2732,2013,0,2732
787,Tim Duncan,2652,2013,0,2469
788,Tree Rollins,2542,2013,0,2542
789,Robert Parish,2361,2013,0,2361
790,Alonzo Mourning,2356,2013,0,2356
791,Marcus Camby,2331,2013,0,2317
792,Ben Wallace,2137,2013,0,2137
793,Shawn Bradley,2119,2013,0,2119
794,Manute Bol,2086,2013,0,2086
795,George Johnson,2082,2013,0,2082
796,Larry Nance,2027,2013,0,2027
797,Kevin Garnett,1970,2013,0,1908
798,Theo Ratliff,1968,2013,0,1968
799,Jermaine O'Neal,1780,2013,0,0
800,Hakeem Olajuwon,3830,2014,0,3830
801,Dikembe Mutombo,3289,2014,0,3289
802,Kareem Abdul-Jabbar,3189,2014,0,3189
803,Mark Eaton,3064,2014,0,3064
804,David Robinson,2954,2014,0,2954
805,Patrick Ewing,2894,2014,0,2894
806,Tim Duncan,2791,2014,0,2652
807,Shaquille O'Neal,2732,2014,0,2732
808,Tree Rollins,2542,2014,0,2542
809,Robert Parish,2361,2014,0,2361
810,Alonzo Mourning,2356,2014,0,2356
811,Marcus Camby,2331,2014,0,2331
812,Ben Wallace,2137,2014,0,2137
813,Shawn Bradley,2119,2014,0,2119
814,Manute Bol,2086,2014,0,2086
815,George Johnson,2082,2014,0,2082
816,Larry Nance,2027,2014,0,2027
817,Kevin Garnett,2010,2014,0,1970
818,Theo Ratliff,1968,2014,0,1968
819,Jermaine O'Neal,1820,2014,0,1780
820,Hakeem Olajuwon,3830,2015,0,3830
821,Dikembe Mutombo,3289,2015,0,3289
822,Kareem Abdul-Jabbar,3189,2015,0,3189
823,Mark Eaton,3064,2015,0,3064
824,David Robinson,2954,2015,0,2954
825,Tim Duncan,2942,2015,0,2791
826,Patrick Ewing,2894,2015,0,2894
827,Shaquille O'Neal,2732,2015,0,2732
828,Tree Rollins,2542,2015,0,2542
829,Robert Parish,2361,2015,0,2361
830,Alonzo Mourning,2356,2015,0,2356
831,Marcus Camby,2331,2015,0,2331
832,Ben Wallace,2137,2015,0,2137
833,Shawn Bradley,2119,2015,0,2119
834,Manute Bol,2086,2015,0,2086
835,George Johnson,2082,2015,0,2082
836,Kevin Garnett,2027,2015,0,2010
837,Larry Nance,2027,2015,0,2027
838,Theo Ratliff,1968,2015,0,1968
839,Elton Brand,1820,2015,0,0
840,Hakeem Olajuwon,3830,2016,0,3830
841,Dikembe Mutombo,3289,2016,0,3289
842,Kareem Abdul-Jabbar,3189,2016,0,3189
843,Mark Eaton,3064,2016,0,3064
844,Tim Duncan,3020,2016,0,2942
845,David Robinson,2954,2016,0,2954
846,Patrick Ewing,2894,2016,0,2894
847,Shaquille O'Neal,2732,2016,0,2732
848,Tree Rollins,2542,2016,0,2542
849,Robert Parish,2361,2016,0,2361
850,Alonzo Mourning,2356,2016,0,2356
851,Marcus Camby,2331,2016,0,2331
852,Ben Wallace,2137,2016,0,2137
853,Shawn Bradley,2119,2016,0,2119
854,Manute Bol,2086,2016,0,2086
855,George Johnson,2082,2016,0,2082
856,Kevin Garnett,2037,2016,0,2027
857,Larry Nance,2027,2016,0,2027
858,Theo Ratliff,1968,2016,0,1968
859,Elton Brand,1828,2016,0,1820
860,Hakeem Olajuwon,3830,2017,0,3830
861,Dikembe Mutombo,3289,2017,0,3289
862,Kareem Abdul-Jabbar,3189,2017,0,3189
863,Mark Eaton,3064,2017,0,3064
864,Tim Duncan,3020,2017,0,3020
865,David Robinson,2954,2017,0,2954
866,Patrick Ewing,2894,2017,0,2894
867,Shaquille O'Neal,2732,2017,0,2732
868,Tree Rollins,2542,2017,0,2542
869,Robert Parish,2361,2017,0,2361
870,Alonzo Mourning,2356,2017,0,2356
871,Marcus Camby,2331,2017,0,2331
872,Ben Wallace,2137,2017,0,2137
873,Shawn Bradley,2119,2017,0,2119
874,Manute Bol,2086,2017,0,2086
875,George Johnson,2082,2017,0,2082
876,Kevin Garnett,2037,2017,0,2037
877,Larry Nance,2027,2017,0,2027
878,Theo Ratliff,1968,2017,0,1968
879,Dwight Howard,1916,2017,0,0
880,Hakeem Olajuwon,3830,2018,0,3830
881,Dikembe Mutombo,3289,2018,0,3289
882,Kareem Abdul-Jabbar,3189,2018,0,3189
883,Mark Eaton,3064,2018,0,3064
884,Tim Duncan,3020,2018,0,3020
885,David Robinson,2954,2018,0,2954
886,Patrick Ewing,2894,2018,0,2894
887,Shaquille O'Neal,2732,2018,0,2732
888,Tree Rollins,2542,2018,0,2542
889,Robert Parish,2361,2018,0,2361
890,Alonzo Mourning,2356,2018,0,2356
891,Marcus Camby,2331,2018,0,2331
892,Ben Wallace,2137,2018,0,2137
893,Shawn Bradley,2119,2018,0,2119
894,Manute Bol,2086,2018,0,2086
895,George Johnson,2082,2018,0,2082
896,Dwight Howard,2047,2018,0,1916
897,Kevin Garnett,2037,2018,0,2037
898,Larry Nance,2027,2018,0,2027
899,Theo Ratliff,1968,2018,0,1968
900,Hakeem Olajuwon,3830,2019,0,3830
901,Dikembe Mutombo,3289,2019,0,3289
902,Kareem Abdul-Jabbar,3189,2019,0,3189
903,Mark Eaton,3064,2019,0,3064
904,Tim Duncan,3020,2019,0,3020
905,David Robinson,2954,2019,0,2954
906,Patrick Ewing,2894,2019,0,2894
907,Shaquille O'Neal,2732,2019,0,2732
908,Tree Rollins,2542,2019,0,2542
909,Robert Parish,2361,2019,0,2361
910,Alonzo Mourning,2356,2019,0,2356
911,Marcus Camby,2331,2019,0,2331
912,Ben Wallace,2137,2019,0,2137
913,Shawn Bradley,2119,2019,0,2119
914,Manute Bol,2086,2019,0,2086
915,George Johnson,2082,2019,0,2082
916,Dwight Howard,2051,2019,0,2047
917,Kevin Garnett,2037,2019,0,2037
918,Larry Nance,2027,2019,0,2027
919,Theo Ratliff,1968,2019,0,1968
